courseId,courseTitle,courseProvider,rankChanged
162300,Food Hygiene Course - Level 2 ,The Training Terminal,2.0
140784,"Microsoft Excel Complete Course - Beginner, Intermediate & Advanced- CPD ",Be-a.co.uk,-1.0
197897,Project Management Course,CPD Courses,-1.0
266620,Leadership & Management,CPD Courses,0.0
188840,Basic Food Hygiene Certificate - Also known as Food Safety Level 2  ,The Training Terminal,3.0
228586,"Teaching Assistant Complete Course (TA, SEN, Autism, ADHD & Dyslexia) - CPD Certified",Janets,-1.0
228135,Office Administration,1 Training,-1.0
247537,Microsoft Excel,Inspire London College Ltd,1.0
77566,Classroom Behaviour Management Course - Level 3 CPD Accredited ,Oplex Careers,3.0
210657,Office Admin and Reception Skills,1 Training,1.0
98276,Project Management ,Oxford Home Study College,2.0
229553,Xero Accounting and Bookkeeping Course,Janets,2.0
227506,Child Psychology - Level 5 ,Oxford Home Study College,2.0
51553,CACHE Level 3 Teaching Assistant Qualification (RQF) & SEN - *Recognised Qualification*,The Learning College,2.0
234929,Car Mechanic Training - CPD Accredited,One Education,3.0
227973,Sage 50 Payroll Complete Course - CPD Certified,Janets,1.0
247335,Cyber Security,Brentwood Open learning College,2.0
197943,Teaching Assistant,CPD Courses,9.0
230387,HR Management,CPD Courses,4.0
266528,Certificate in Child Care and Early Learning – Level 3,Study365,5.0
196942,PRINCE2® Foundation and Practitioner 6th Edition e-learning with Foundation Exam,Balance Global,0.0
196928,Life Coaching,Oxford Home Study College,2.0
237269,Digital Marketing Diploma,Brentwood Open learning College,-3.0
24314,PRINCE2® Foundation & Practitioner with both Exams (Award-Winning Course),e-Careers,6.0
196422,Safeguarding Children Level 2 – Online Training Course – NHS Health & Care - UK Accredited,Mandatory Compliance,1.0
239834,Internal Audit Skills Training Course - CPD Accredited,Course Gate,-4.0
77763,Estate Agent Diploma Level 3 - CPD Certified,Be-a.co.uk,2.0
97418,Diet and Nutrition Advanced Diploma Level 5,Brentwood Open learning College,0.0
233863,120 hours TEFL (TESOL) Masterclass - CPD Accredited ,One Education,2.0
211146,Train the Trainer,CPD Courses,2.0
187744,Make-Up Artistry Course (Professional Make Up Artist)  - CPD Certified ,International Open Academy,3.0
238184,Diploma in Social Work Studies - Level 3,1 Training,3.0
197569,Construction Management ,CPD Courses,17.0
196426,Safeguarding Vulnerable Adults Level 3 – Online Training Course – UK CPD Accredited,Mandatory Compliance,2.0
266270,Leadership & Management,Inspire London College Ltd,-2.0
239091,Estate Agent and Property Management Training - CPD Certified,Janets,1.0
264454,PAT - Portable Appliance Testing Training Course,Training Express Ltd,6.0
56913,Nail Technician Online Diploma - CPD Certified – Only £39! ,Be-a.co.uk,4.0
244242,Leadership & Management ,Brentwood Open learning College,-1.0
260391,Diet and Nutrition Diploma + Personal Training & Fitness Instructor Course,Course Gate,4.0
55501,Pet Sitting and Dog Walking Course – CPD Certified,Be-a.co.uk,5.0
197478,Construction Management - Course ,CPD Courses,-1.0
267040,GDPR Training Course,Training Express Ltd,5.0
246722,Level 3 Award in Education and Training - AET (Formerly PTLLS),One Education,-4.0
201436,Operations Management,CPD Courses,7.0
237280,Microsoft Excel Ultimate 5 Courses Bundle with 100+ Exclusive Excel Templates,One Education,1.0
57538,"Sage 50 Accounts Course - Level 1, 2 & 3",Oplex Careers,-40.0
74821,The Ultimate Microsoft Excel Bootcamp,Excel with Business,1.0
67040,Anti-Money Laundering Course - Level 3 CPD Accredited ,Oplex Careers,2.0
218308,Life Coaching Diploma - CPD Certified,Be-a.co.uk,3.0
266089,Proofreading Basics,Course Gate,9.0
224239,Fire Marshal Level 3 – CPD Certified - Online Training Course,Mandatory Compliance,-7.0
233696,UK Employment Law - CPD Accredited ,One Education,10.0
124721,Sage 50 Training,1 Training,3.0
201385,Nutrition - Diploma,CPD Courses,0.0
207082,First Aid at Work,ECHO3 EDUCATION LIMITED,3.0
250197,Food Hygiene for Catering Level 2,CPD Online College,7.0
267738,Digital Marketing,Inspire London College Ltd,21.0
237348,Speech Therapist and SEN Teaching Assistant Course - CPD Accredited,One Education,-3.0
73032,The Complete Web Development Course,Development Island Ltd,-6.0
78731,Criminology and Profiling Course - CPD Certified,International Open Academy,34.0
241518,Motorbike Maintenance Course,Course Gate,12.0
98741,Pet First Aid Certificate - CPD Certified ,Be-a.co.uk,7.0
197518,Event Management Course,CPD Courses,-2.0
176029,Award in Education and Training (A.E.T.) Level 3 Pearson BTEC Qualification,Study365,11.0
202168,Life Coaching,CPD Courses,12.0
238070,Diploma in Special Education Needs (SEN) ,1 Training,-6.0
77000,Pet First Aid and CPR - CPD Certified,Holly and Hugo,5.0
98736,Microsoft Excel – Beginner Course - CPD Accredited,Be-a.co.uk,6.0
247238,Operations Management Level 7,Inspire London College Ltd,-2.0
97896,Accountancy ,Oxford Home Study College,21.0
212982,Social Media Marketing ,CPD Courses,-3.0
264825,SEN Teaching Diploma Level 5,Course Gate,-6.0
78720,Car Maintenance - CPD Certified ,International Open Academy,9.0
242435,Safeguarding Children Level 3 Designated Safeguarding Lead DSL,EMAGINATION TRAINING,-9.0
116060,Physiotherapy Assistant - CPD Certified ,International Open Academy,52.0
131479,Level 3 Award in Education and Training - BTEC AET (Formerly PTLLS),1 Training,-6.0
192167,Bookkeeping & Accounting | AAT Level 2 (Foundation) Certificate in Bookkeeping,ICS Learn,-20.0
247511,"Admin, Secretarial & PA Level 7 l Endorsed Diploma l Ms Office Module included",Inspire London College Ltd,20.0
239173,HR and Payroll Administrator Course - CPD Accredited,One Education,2.0
202706,Recruitment Consultant,CPD Courses,-9.0
228712,Minute Taking Course - CPD Certified,Janets,16.0
245355,Criminology Diploma - 3 CPD Accredited Courses ,International Open Academy,11.0
249336,Gel Manicure and Nail Technician Diploma - CPD Accredited,One Education,2.0
264599,Building Surveyor Training - CPD Accredited,One Education,-1.0
228006,Business Management - Course,Brentwood Open learning College,-6.0
259675,Health and Safety,Inspire London College Ltd,-10.0
218311,Touch Typing and Shorthand Certificate - CPD Accredited,Be-a.co.uk,-3.0
110601,Hairdressing Masterclass (NVQ Level 1 & 2 Equivalent) ,OfCourse,7.0
247336,Cyber Security - Diploma,Oxford Home Study College,3.0
247204,Train the Trainer,Inspire London College Ltd,-2.0
192809,Safeguarding Children Level 3 – Online Training Course – CPD Certified,Imperium Edge,-27.0
131490,Digital Marketing and Advertising,1 Training,-5.0
247208,Leadership & Management Diploma,Inspire London College Ltd,11.0
238857,Diploma in Graphic Design,Course Gate,-4.0
126334,Microsoft Office 2016,1 Training,1.0
199348,QUALIFI Level 3 Diploma in Health and Social Care,"School of Business, London",new
228405,Soft Skills Course,UK Professional Development Academy LTD,5.0
266429,Certificate in General Electrical – Level 3,Study365,9.0
250529,Business Analysis,Brentwood Open learning College,-12.0
196411,Mental Health Awareness Level 1 – CPD Certified - Online Training Course,Mandatory Compliance,49.0
204716,Marketing - Course,CPD Courses,44.0
78740,120 hour TEFL (TESOL) Certificate - CPD & TQUK Accredited,International Open Academy,new
97403,Speech and Language Specialist - (Language Therapy Course) - CPD Certified,International Open Academy,14.0
196354,Care Certificate - Online Training Courses - 15 Care Certificate Standards ,Mandatory Compliance,-7.0
260405,Child Psychology Level 5 Advanced Diploma + Advanced Diploma in Child Care,Course Gate,4.0
228102,Management,Oxford Home Study College,6.0
76377,Dog Grooming - CPD Certified,Holly and Hugo,15.0
256780,Diploma in Health & Social Care - Level 3,Study365,5.0
241409,Social Media Marketing for Business,Course Gate,-8.0
259793,Certified Anti Money Laundering Specialist (CAMS) - CPD Certified,Janets,42.0
264315,Food Hygiene Course,Training Express Ltd,new
238940,Advanced Diploma in Health and Safety,Course Gate,-34.0
78433,British Sign Language (BSL) Level 1 & 2,OfCourse,16.0
197605,Logistics Management,CPD Courses,20.0
207170,Manual Handling,ECHO3 EDUCATION LIMITED,4.0
214124,Tarot Card Reading Certificate – CPD Accredited,Be-a.co.uk,-12.0
264321,First Aid at Work,Training Express Ltd,new
267072,"Admin, Secretarial & PA - Course",CPD Courses,28.0
237831,Eyelash Extension Training Course - CPD Accredited,One Education,-12.0
78737,Sports Agent Course - CPD Certified,International Open Academy,16.0
79638,Payroll Management and Systems Diploma - CPD Certified,Be-a.co.uk,3.0
245632,COSHH Training for Assessors - CPD Accredited,One Education,8.0
198018,Business Administration,CPD Courses,33.0
237185,PRINCE2® Foundation,Study365,16.0
57567,Animal Care Level 3 Course - Fully CPD Accredited & Certified - Only £15,Oplex Careers,2.0
76996,Animal Care - CPD Certified - Certificate Included,Holly and Hugo,2.0
245329,Animal Care Diploma - 6 CPD Accredited Courses ,International Open Academy,-9.0
219285,Personal Trainer Diploma,Harley Oxford,-12.0
268089,First Aid,UK Professional Development Academy LTD,18.0
240110,Basic Electricity Course - CPD Accredited,Course Gate,-10.0
245662,Phlebotomist Training - CPD Accredited,One Education,11.0
250244,Level 3 Certificate in Assessing Vocational Achievement (CAVA) (RQF) – A1 Assessors Award,One Education,-34.0
224161,Nursing Assistant Diploma ,1 Training,-22.0
230747,Bookkeeping - Book keeping Course,CPD Courses,14.0
241743,Data Analysis In Excel -  CPD Accredited,Course Gate,6.0
186946,Painting and Decorating Diploma - CPD Accredited ,Be-a.co.uk,-4.0
247223,Life Coaching,Inspire London College Ltd,175.0
222934,Accounting,Brentwood Open learning College,13.0
266024,Teaching Assistant Level 3,Course Gate,-1.0
131489,Office Admin and Receptionist Skills,1 Training,3.0
226079,Mandatory Training for Domiciliary & Care Staff - 26 CPD Certified E-Learning Courses ,Mandatory Compliance,-15.0
68336,"English: Improve Your English – Spelling, Punctuation & Grammar",OfCourse,-21.0
78787,Bar Management - CPD Certified,Eventtrix,-20.0
248460,Level 6 Diploma in Facilities Management l TQUK Endorsed l MCQs Assessment ,Inspire London College Ltd,-11.0
250392,Portable Appliance Testing (PAT) - CPD Accredited,One Education,16.0
218404,Dog Walking - CPD Certified,International Open Academy,4.0
262614,Data Protection GDPR ,Active Recruitment Ltd,-10.0
77054,Forensic Science - CPD Certified,International Open Academy,18.0
204136,Supply Chain Management - Course,CPD Courses,10.0
266095,Online Phlebotomy Certificate ,Inspire London College Ltd,7.0
268591,Executive PA,CPD Courses,35.0
238590,Dog Training Essentials (Basic Dog Trainer Course) - CPD Certified,International Open Academy,-17.0
81253,Health and Safety Level 2,The Training Terminal,20.0
245728,International Massage Course - CPD Accredited,One Education,-23.0
127406,Project Management Training,1 Training,5.0
268176,GDPR Course,CPD Courses,-3.0
268592,PA - Personal Assistant Course,CPD Courses,48.0
247388,Medicinal Cannabis & CBD Oil Diploma Course,Centre of Excellence,59.0
192726,Supervisor Training,Staff Training Solutions,32.0
259291,Teaching Assistant Diploma Level 5,Course Gate,17.0
222786,Teaching Assistants Training,Study365,7.0
234906,Dog Training Diploma,One Education,9.0
237490,Paediatric First Aid,Learning Connect,33.0
55502,British Cleaning Certificate Course  – CPD Certified  – Only £49,Be-a.co.uk,15.0
239015,Funeral Service Business Course - CPD Accredited,One Education,0.0
245132,Project Management : Six Sigma ,Brentwood Open learning College,71.0
192125,Pharmacy Assistant Diploma  - CPD approved,Be-a.co.uk,-23.0
196421,Safeguarding Adults Level 2 – Online Training Course – NHS Health & Care - CPD Accredited,Mandatory Compliance,-6.0
226257,Diploma in Dog Grooming ,Global Edulink,-15.0
236572,"English: Spelling, Punctuation and Grammar - CPD Accredited",One Education,-6.0
236909,Bookkeeping - Book keeping Course,Brentwood Open learning College,16.0
77004,Bartender and Barista Training - CPD Certified ,Eventtrix,0.0
241353,Sports First Aid - CPD Accredited,Course Gate,-15.0
246952,PRINCE2 6th Edition Foundation & Practitioner with Exam Voucher,Good E-Learning,42.0
259203,Payroll Administrator Training - CPD Accredited,One Education,-61.0
226754,Hospitality Management ,Brentwood Open learning College,47.0
227141,Transport Manager Course,Staff Training Solutions,-38.0
97410,Accounting Diploma,Brentwood Open learning College,-171.0
162306,CBT - Cognitive Behavioural Therapy Course,Renaissance Life Therapies of Harley Street London,-4.0
192990,Safeguarding Vulnerable Adults - Level 1 - Online Course - CPD Accredited,Mandatory Training Group,12.0
255413,120HR TEFL: Teaching English As A Foreign Language Diploma,Harley Oxford,4.0
264270,Interior Design For Beginners,Course Gate,20.0
228881,Global Project Management,UK Professional Development Academy LTD,-5.0
233614,Estate Agent Diploma Level 3 - CPD Accredited,One Education,new
238049,Compliance and Risk Management Course - CPD Accredited,One Education,3.0
250380,First Aid at Work - CPD Accredited,One Education,-2.0
197995,Interior Design Course,CPD Courses,-11.0
199379,Accounting Course,CPD Courses,30.0
260253,Proofreading & Editing Course Level 5 Diploma + Microsoft Word For Beginners,Course Gate,11.0
264320,Fire Safety Training Course,Training Express Ltd,3.0
267070,Business Development ,Oxford Home Study College,13.0
57653,Copywriting course  (Level 4 Diploma) ,College of Media and Publishing,41.0
240477,Property Law Level 2 - CPD Accredited,Course Gate,-13.0
96915,Physiotherapy Course,Oplex Careers,93.0
245363,SEN Teaching Assistant Diploma - 5 CPD Accredited Courses,International Open Academy,0.0
245986,HR - Diploma,Oxford Home Study College,-15.0
251941,British Sign Language Course Bundle,Study365,11.0
259704,Motorcycle Mechanic Training - CPD Accredited,One Education,21.0
209994,EYFS Teaching Diploma - CPD Certified,Be-a.co.uk,2.0
266493,Administration,UK Professional Development Academy LTD,-6.0
267141,Designated Safeguarding Lead (DSL) - CPD Accredited,One Education,12.0
227847,"Microsoft Office 2016 Complete Course (Word, Excel, PowerPoint, Access & Outlook) - CPD",Janets,-32.0
227875,CIPD Level 5 Intermediate Certificate in HR Management | HR,ICS Learn,21.0
81248,Food Safety Level 2 -  Local Authority Approved,The Training Terminal,-49.0
97545,Diploma in Fashion Design Level 5,Brentwood Open learning College,24.0
247081,Facilities Management Diploma,Brentwood Open learning College,-23.0
192785,Medications Management Level 2 – Online Training Course – CPD Certified,Imperium Edge,-40.0
250897,Diploma in Counselling Skills - Level 2,South London College,31.0
262857,Housing Officer Training - CPD Accredited,One Education,1.0
224579,Digital Marketing Diploma,Inspire London College Ltd,12.0
267043,Building Surveying - CPD Accredited,Course Gate,-8.0
227507,Child Psychology Course,CPD Courses,69.0
228306,Estate Agent and Property Developer Diploma - CPD Certified,Janets,19.0
268588,Transport Manager,CPD Courses,35.0
242647,Executive PA,Inspire London College Ltd,-41.0
245041,Diet and Nutrition ,Oxford Home Study College,20.0
102808,Building your Own Computer Course - CPD Certified ,International Open Academy,-11.0
176031,PRINCE2® Foundation course including Exam with Free Re-Sit,Study365,-36.0
246715,Health and Safety Level 3 Certificate- RoSPA Accredited Course,Intellelearn,-4.0
214451,Health and Safety,CPD Courses,59.0
220996,Level 2 Certificate in Gardening and Landscaping,Infinity Learning,0.0
266997,Counselling and Psychology - CPD Accredited ,Janets,19.0
21770,Proofreading & copy editing course (Level 4 Diploma),College of Media and Publishing,29.0
76531,Holistic Therapist Accredited Course - CPD Certified,Trendimi,10.0
78716,Gel Manicure and Nail Artist - CPD Accredited - (Professional Nail Technician Course) ,Trendimi,-28.0
196424,Safeguarding Children Level 3 – Online Training Course – NHS Health & Care - UK Accredited,Mandatory Compliance,20.0
255171,Copywriting Course Level 4,Course Gate,13.0
216730,"Introduction To Coding With HTML, CSS, & Javascript",International Open Academy,3.0
267093,Corporate Security Guard - CPD Accredited ,One Education,89.0
230335,Youth Work Training Course - Level 3 CPD Accredited,Oplex Careers,13.0
241323,Airport Management Course - CPD Accredited,Course Gate,78.0
173941,Microsoft Office,Study365,58.0
192972,Information Governance - Level 1 - Online Course - CPD Accredited ,Mandatory Training Group,12.0
250769,Lash Tint – Brow Tint Online Training - CPD Accredited,One Education,-27.0
197535,Travel & Tourism ,CPD Courses,-26.0
264325,Manual Handling Training,Training Express Ltd,130.0
266269,Business Development l Endorsed Level 7,Inspire London College Ltd,-17.0
266428,Certificate in Electrical Wiring – Level 3,Study365,-26.0
224933,Care for Older Adults Course - CPD Certified,International Open Academy,-70.0
267986,CAD Designer Training - CPD Accredited,One Education,58.0
230768,Event Management,CPD Courses,-16.0
238800,Nail Technician Diploma - CPD Certified,Course Gate,43.0
74831,Microsoft Excel Course (CPD Accredited),Excel with Business,-15.0
76401,The Ultimate Microsoft Office Online Bundle ,Excel with Business,11.0
82323,Legal Secretary Course,Study365,20.0
244651,Mental Health and Young People Course and Certificate* ,eTeaching Academy,22.0
245034,Mental Health Care Training - MCA & DOLS - CPD Accredited,One Education,41.0
109374,Teaching Assistant Course - Level 2 CPD Accredited ,Oplex Careers,-59.0
187536,Reiki Diploma - Level 1 to Master Level Certification - The CMA Accredited ,Be-a.co.uk,22.0
255412,UK Tax Accounting Course,Harley Oxford,25.0
201582,Facilities Management ,CPD Courses,-52.0
218892,Speech and Language Therapy Course - Accredited Certification,eTeaching Academy,7.0
264277,Teaching Assistant Level 2,Course Gate,-23.0
266743,Level 5 Sales and Marketing,Inspire London College Ltd,4.0
266901,Sports Coaching Diploma - CPD Accredited,One Education,-7.0
227961,Business Management,CPD Courses,26.0
234901,Property Development Diploma - CPD Accredited,One Education,4.0
237349,EYFS and Phonics Teaching Diploma  - CPD Accredited,One Education,4.0
238233,"Microsoft Excel Complete Course 2019 - Beginner, Intermediate & Advanced - CPD Accredited",Course Gate,-32.0
244089,Master Herbalist Certificate (Alternative Medicine) - CPD Certified,International Open Academy,6.0
244278,Health and Safety,UK Professional Development Academy LTD,6.0
245448,IT Security Diploma (Level 3),UK Professional Development Academy LTD,7.0
246581,Canine Behaviour and Psychology Level 3 - CPD Accredited,One Education,28.0
250445,Mental Health and Psychiatry Training,Oplex Careers,29.0
196642,Change Management® Foundation and Practitioner e-learning with both Accredited Exams,Balance Global,11.0
260607,Safeguarding Adults and Children - Level 2 - CPD Certified Online Course,Mandatory Compliance,29.0
216953,Beauty Therapy - Course,Oxford Home Study College,-56.0
238076,Lettings Negotiator Diploma Level 3 - CPD Accredited,One Education,-14.0
77007,Accredited Event Design and Styling (Event Management Course) - CPD Certified,Eventtrix,-34.0
241131,Paediatric First Aid Course - CPD Accredited,One Education,33.0
241844,Youth Work Certificate Level 2,Course Gate,15.0
246682,Primary Teacher Training - CPD Accredited,One Education,33.0
192046,Introduction to Midwifery Certificate  - CPD Accredited,Be-a.co.uk,41.0
192104,Estate Agency Training Course - Awarded Certificate,Oplex Careers,-17.0
196138,UK Employment Law Diploma - CPD Certified,Be-a.co.uk,-77.0
196999,AAT Accounting: AAT Level 2 Foundation Certificate In Accounting,e-Careers,new
199197,CMI Level 5 Diploma in Management and Leadership,"School of Business, London",new
202931,Plumbing Training ,Global Edulink,-31.0
211150,Hotel Management Course,CPD Courses,-1.0
262144,Mental Health Awareness Bundle,South London College,50.0
266388,Certificate In Childcare & Nannying - Level 3,Study365,15.0
233796,Anti-Money Laundering (AML) Training Course Level 3 - CPD Accredited,One Education,19.0
236251,Diploma in Medical Secretary - CPD Accredited,One Education,-57.0
78726,Personal Assistant - (PA Training Course) - CPD Certified ,International Open Academy,-21.0
246733,Minute Taking Training,Oplex Careers,41.0
191574,Dog Socialization and Obedience Masterclass (Dog Training Course) - CPD Certified,Holly and Hugo,-15.0
250681,Professional Tattoo Artist - CPD Accredited,One Education,-32.0
196486,PRINCE2® Foundation and Practitioner 6th Edition e-learning with both Accredited Exams,Balance Global,26.0
207087,HACCP Level 3 Food Safety,ECHO3 EDUCATION LIMITED,-13.0
227018,HR Management,Brentwood Open learning College,42.0
268086,Payroll,UK Professional Development Academy LTD,-12.0
230595,Diploma in Poultry Farming - CPD Certified,Janets,7.0
238284,Health and Social Care Level 3 Certification Course - CPD Accredited,Course Gate,-80.0
57548,Financial Advisor Course - Level 3 CPD Accredited,Oplex Careers,-11.0
77043,Cocktail Training and Menu Creation - CPD Certified,Eventtrix,59.0
116062,CPR and First Aid Course - CPD Certified ,International Open Academy,12.0
247486,"Microsoft Excel Complete Course - Beginner, Intermediate & Advanced TQUK Endorsed",Inspire London College Ltd,38.0
192992,Safeguarding Children - Level 2 - Online Course - CPD Accredited,Mandatory Training Group,38.0
193218,Diploma in Health and Wellbeing ,Global Edulink,-29.0
196768,"Food Safety Bundle - Food Safety, Food Allergens & HACCP Courses",The Training Terminal,40.0
255165,Diet and Nutrition Diploma Level 5,Course Gate,-32.0
266982,Funeral Arranger Training Course - CPD Accredited,One Education,-9.0
267048,Compliance Management - CPD Accredited,One Education,-47.0
226377,Crystal Healing Course - CPD Certified,International Open Academy,-9.0
230551,Travel & Tourism Diploma Level 5 ,Oxford Home Study College,80.0
55369,"Adobe Photoshop, Illustrator & InDesign Master Online Training Bundle",Learning 247,-57.0
82334,PRINCE2® Foundation & Practitioner,Study365,88.0
120288,Teaching Phonics Course  - CPD Accredited,Study with Excellence,12.0
125654,Project Management Skills,1 Training,12.0
189465,HR & Payroll Diploma - CPD Certified,Be-a.co.uk,-20.0
258640,Retail Management ,Oxford Home Study College,30.0
259677,Sage 50 Accounts & Payroll Administrator Training - CPD Accredited,One Education,0.0
219450,Microsoft Excel,Infinity Learning,2.0
266448,Certificate in Business Law – Level 3,Study365,69.0
266546,ChildCare,UK Professional Development Academy LTD,12.0
224107,Animal Behaviour and Psychology ,Global Edulink,0.0
267396,Paediatric First Aid,Training Express Ltd,new
233898,Functional Maths Training Course - CPD Accredited,One Education,-20.0
74977,Control & Administration of Medicines (Level 3) CPD Accredited Course,Learning 247,127.0
241703,Construction Management Cost Estimation Diploma,UK Professional Development Academy LTD,32.0
80246,Massage Therapy - Level 3 CPD Accredited Course,Oplex Careers,-15.0
96809,Bike Maintenance - CPD Certified ,International Open Academy,48.0
104434,Bereavement and Grief Counselling Diploma,Elearn College,-89.0
246813,Risk Assessment Fully Accredited Course,Intellelearn,-138.0
191039,Complete Bookkeeping and QuickBooks Training Course,Skill Success,new
192983,Dementia Awareness - Level 1 - Online Course - CPD Accredited,Mandatory Training Group,32.0
199209,CMI Level 7 Diploma in Strategic Management and Leadership ,"School of Business, London",new
255813,Diploma in Mental Health Awareness - Level 2,South London College,-26.0
206057,HLTA - Level 4 Certificate for Higher Level Teaching Assistants (RQF),Thirsty Scholars Academy,-26.0
209595,AgilePM Agile Foundation and Agile Practitioner e-learning with both Accredited Exams,Balance Global,12.0
267265,COSHH Training,Training Express Ltd,107.0
229504,Diploma in Forex Trading - CPD Certified,Janets,33.0
230316,Speech & Language Therapy Course - CPD Certified,Oplex Careers,11.0
230748,GDPR Certificate– CPD Certified,Be-a.co.uk,12.0
237388,Paralegal Training - CPD Accredited,One Education,-5.0
238042,Professional Photography Masterclass,Course Gate,11.0
238066,Executive Mini MBA ,1 Training,-58.0
57555,Child Safeguarding Course - Level 3 CPD Accredited,Oplex Careers,-243.0
241940,Social Housing Management - CPD Accredited,Course Gate,-7.0
81306,Food Safety Level 2 in Spanish,The Training Terminal,-80.0
97918,Interior Design Advanced Diploma Level 5,Oxford Home Study College,13.0
97941,Travel & Tourism Level 2 Course,Brentwood Open learning College,138.0
97948,Customer Service ,Oxford Home Study College,-25.0
245855,SENCO - Special Educational Needs Coordination Course - CPD Accredited,One Education,-78.0
246720,COSHH- RoSPA and CPD accredited course,Intellelearn,-11.0
246931,OTHM Level 7 Diploma in Strategic Management and Leadership,Ascent School of Management London Ltd,new
249341,Hair Extension Course - CPD Accredited,One Education,27.0
193126,Payroll for Beginners ,OfCourse,-12.0
197682,HR Management - Course,CPD Courses,57.0
256353,Change Management ,UK Professional Development Academy LTD,-26.0
229661,Professional Chef Diploma Level 3 and Hospitality Management Level 2 - CPD Certified,Janets,31.0
269372,Interior Design,Course Gate,85.0
230296,Advanced Diploma in Office Administration - CPD Certified,Janets,-108.0
269655,CCNA - Cisco Certified Network Associate (New 2020),e-courses4you,new
236574,Business Administration Diploma Level 5,Oxford Home Study College,-53.0
238092,Diploma in Aromatherapy - CPD Accredited,Course Gate,31.0
57537,Tax Accounting Course,Oplex Careers,-11.0
72333,Arts Therapy,Renaissance Life Therapies of Harley Street London,31.0
72390,Recruitment Consultant Diploma – CPD Certified,Be-a.co.uk,84.0
76995,Veterinary Support Assistant (VET Assistant) - CPD Certified,Holly and Hugo,-12.0
244178,Safeguarding Children Certificate - CPD Certified,Be-a.co.uk,-46.0
245415,Learning and Development (CPD Accredited Diploma),UK Professional Development Academy LTD,-64.0
125655,Nannying and Childcare Course ,1 Training,34.0
158943,Become a Freelance Make-Up Artist - CPD Certified,Trendimi,35.0
247544,Sales Management,Brentwood Open learning College,60.0
248505,NCFE CACHE Level 3 Award in Health and Social Care with Official Certification,1 Training,6.0
248541,PRINCE2® 2017 Foundation and Practitioner with Official Exams Package,1 Training,60.0
251891,Facilities Management Diploma Level 5,Course Gate,36.0
197542,Business Management Course,CPD Courses,-12.0
210245,Medical Coding and Billing,Study365,7.0
210664,Diploma in Adult Nursing Essentials ,1 Training,7.0
218875,Learning English GCSE Course - Accredited Certification,eTeaching Academy,-61.0
228184,Criminal Psychology Course - CPD Certified,International Open Academy,92.0
269748,ECDL,e-courses4you,new
230744,Customer Service ,CPD Courses,39.0
28728,HR Management | Foundation Award CIPD Level 3,ICS Learn,-9.0
57561,Basic Accounting Course,Oplex Careers,42.0
71725,Teaching Phonics Course,Oplex Careers,new
239207,Property Development and Management Course,Janets,-50.0
73110,Personal Trainer / Fitness Instructor Course - CPD Certified ,Be-a.co.uk,10.0
81790,Microsoft Office Essential Skills,OfCourse,-51.0
244365,Personal Development Course,UK Professional Development Academy LTD,new
127401,Executive Secretary and PA ,1 Training,-65.0
249315,Hotel Receptionist ,Oxford Home Study College,14.0
250295,Mental Capacity Act CPD,CPD Online College,15.0
193565,Mental Health and Young People in Schools - Level 3 CPD Accredited & Certified Course,Oplex Careers,-13.0
195957,Mastering Psychology ,Global Edulink,41.0
197984,Beauty Therapy,CPD Courses,65.0
255188,Interior Design Course Level 5,Course Gate,-56.0
259629,British Sign Language Teacher Training Course (Level 1 & 2) - CPD Accredited,One Education,-34.0
260237,Operations Management Level 5 Diploma + Crisis Management Course,Course Gate,63.0
216887,Dog Walking - CPD Certified ,Holly and Hugo,-16.0
266305,Office Management and Administration,Inspire London College Ltd,-16.0
266506,TEFL Certification Bundle (120 Hour TEFL + Teaching English Online Course),International Open Academy,-11.0
266551,Report Writing Skills ,UK Professional Development Academy LTD,new
267230,"Heating, Ventilation & Air Conditioning (HVAC) Technician - CPD Accredited",One Education,-73.0
225876,Six Sigma,UK Professional Development Academy LTD,38.0
267837,Practice Nurse Level 3 - CPD Accredited,One Education,60.0
229269,Coaching & Mentoring ,UK Professional Development Academy LTD,-62.0
229439,HR Management,Oxford Home Study College,8.0
230626,Security Management Diploma - CPD Certified,Janets,8.0
233188,Diploma in Skin Care Treatments - Level 3,Global Edulink,-41.0
236913,Bookkeeping - Course,Brentwood Open learning College,33.0
78762,Dog Behavior and Training - CPD Certified,Holly and Hugo,63.0
244357,Train the Trainer,UK Professional Development Academy LTD,-16.0
247195,Office Management,CPD Courses,71.0
247325,Touch Typing Training - CPD Accredited,One Education,71.0
247459,Warehouse Management,Brentwood Open learning College,70.0
190161,Learning Maths GCSE Course,Oplex Careers,34.0
190658,Complete Adobe Premiere Professional Video Editing Course,Skill Success,new
250052,Criminal Intelligence Analyst - CPD Accredited,One Education,-17.0
192938,Change Management,Staff Training Solutions,11.0
197612,Accountancy,CPD Courses,34.0
218395,Professional Waiter Diploma - CPD Certified ,International Open Academy,new
266447,Certificate in Bookkeeping and Payroll Management - Level 3,Study365,9.0
266666,Certificate in Child & Adolescent Counselling - Level 3,Study365,new
267977,Pharmacy Assistant Diploma Level 5,Course Gate,-15.0
230612,IT Administrator Diploma,Janets,-83.0
233166,Adult Nursing Training ,Global Edulink,-43.0
233639,School Administrator Training - CPD Accredited,One Education,-13.0
233681,British Cleaning Course - CPD Accredited,One Education,-63.0
236786,Beauty Therapy Level 5,CPD Courses,-14.0
28757,CIPD Level 5 Intermediate Diploma in HR Management | HR,ICS Learn,39.0
31685,Social media marketing course (Level 4 Diploma),College of Media and Publishing,-14.0
68257,Assertiveness and Communication Skills Course,Vita Online Limited,-13.0
238921,Freelance Barber Training - CPD Accredited,One Education,-46.0
72332,Cognitive Behavioural Therapy (CBT) Training Course,Renaissance Life Therapies of Harley Street London,-88.0
239437,"Makeup Artist, Nail Technician and Hairdressing Course for Beauty Salon",Janets,-15.0
244088,Microsoft Excel - CPD Certified,International Open Academy,new
244468,Microsoft Office - Advanced Microsoft Office 2016 Training,Global Edulink,-43.0
97843,Wedding Planning Level 5,Brentwood Open learning College,37.0
97865,Sales and Marketing ,Brentwood Open learning College,5.0
98229,HR Management Course,Oxford Home Study College,-72.0
98441,Cognitive Behavioural Therapy Course,Renaissance Life Therapies of Harley Street London,37.0
99262,Dog Training Course - Level 3 CPD Accredited ,Oplex Careers,-126.0
245519,Marketing,Staff Training Solutions,36.0
104513,Criminology Diploma,Elearn College,-22.0
121401,Perfect Skin from Inside Out (Skin Care & Nutrition Course),Trendimi,new
250083,Acrylic Nail Extension Course - CPD Accredited,One Education,new
192761,Project Management,Staff Training Solutions,-93.0
194779,Anatomy and Physiology Diploma,Elearn College,new
194973,"The Complete Sage 50 Accounting Diploma (Beginners, Intermediate & Advanced) - CPD",Be-a.co.uk,-113.0
195342,First Aid at Work - Level 2,Global Edulink,39.0
198010,Marketing,CPD Courses,-46.0
253772,SEN Teacher Training – Special Educational Needs,One Education,-131.0
255195,Wedding Planner Course Level 5,Course Gate,33.0
259872,SAP for Beginners,Simpliv LLC,new
218793,Business Administration Course - Level 3 & 4 Accredited Certification,eTeaching Academy,new
224027,Construction Cost Estimation,Inspire London College Ltd,new
266860,Diploma in Commercial Law - Level 3,1 Training,new
266996,Domestic Plumbing Course  - CPD Accredited,One Education,-50.0
267774,Mental Health Counselling Training,Oplex Careers,new
267877,PCV Driving Course (Online Theory),BEKE College C.I.C.,new
228080,Diploma in Beauty Therapy Salon Management,Staff Training Solutions,-100.0
229786,Teaching Assistant CACHE Level 2 **FULL QUALIFICATION**,Careers Advice & Learning  Centre,new
230083,Functional Skills Maths Training Course ,Oplex Careers,2.0
230556,Diploma in Psychology,Janets,2.0
230578,Diploma in Hairdressing - CPD Certified,Janets,2.0
269635,Paralegal Training Diploma,Course Gate,new
231531,Quality Management ,1 Training,new
233698,Diploma in Lean Process and Six Sigma - CPD Accredited,One Education,new
233906,Pet Sitting and Dog Walking Course Level 3 - CPD Accredited,One Education,new
78736,Special Educational Needs (SEN Teacher) - CPD Certified ,International Open Academy,new
244241,Leadership and Management,Brentwood Open learning College,new
244974,SEN Teaching Assistant,The Learning College,new
246659,Food Hygiene Level 3 Award in Catering- Fully GUARANTEED,Intellelearn,-50.0
246732,Property Development Training,Oplex Careers,7.0
189642,Quickbooks,Skill Success,new
249092,Recruitment Consultant ,Oxford Home Study College,new
249348,Lash Lift and Tint Training Course - CPD Accredited,One Education,-32.0
250085,"Safeguarding Children Level 1, 2 and 3 - CPD Accredited",One Education,new
250170,Level 4 Diploma in Construction Site Management,Oxford Home Study College,new
250211,Coshh Awareness CPD,CPD Online College,new
250430,Level 4 Teaching Assistant,Staff Training Solutions,new
250446,SEN in Early Years Course,Oplex Careers,-80.0
192744,Construction ,Staff Training Solutions,-55.0
199623,Sterile services technician Diploma,Elearn College,new
201474,Digestion and Detoxification,CPD Courses,new
203080,Lab Analyst,Global Edulink,new
207878,"Level 3 Anatomy and Physiology, online study",Courses in Massage,new
264322,HACCP Level 3 Food Safety,Training Express Ltd,new
222134,Mandatory Training For Care Home Staff - 26 CSTF Aligned Online CPD Accredited Courses,Mandatory Training Group,new
222533,Make-up Artist Course - CPD Certified,Trendimi,new
